SL No:,Costomer,monthss,Amount
1,A1,2004-01-12,331844.0074
2,A1,2004-01-03,441139.8073
3,A1,2004-01-15,32480.00401
4,A1,2004-01-25,90636.96653
5,A1,2005-01-17,1581.969829
6,A1,2005-02-23,357678.5077
7,A1,2005-02-01,280990.7099
8,A8,2004-02-05,117697.0531
9,A9,2005-02-28,8047.30078
10,A10,2005-02-16,407418.8054
11,A11,2005-02-23,243698.7151
12,A12,2005-02-03,227656.5662
13,A13,2006-02-04,106283.1277
14,A14,2006-03-25,96146.7244
15,A15,2006-03-31,18442.56466
16,A16,2006-03-23,32572.99594
17,A17,2004-03-19,81234.97616
18,A18,2006-03-05,37267.14608
19,A19,2005-04-04,145772.9096
20,A20,2006-04-30,102397.9212
21,A21,2004-04-25,460016.6972
22,A22,2006-04-19,404304.945
23,A23,2004-04-06,8272.409286
24,A24,2005-04-27,466260.6662
25,A25,2004-05-05,95647.21488
26,A26,2006-05-06,239200.1315
27,A27,2005-05-07,385039.8781
28,A28,2006-05-08,366873.6439
29,A29,2005-05-09,58900.84433
30,A30,2006-05-10,91244.23661
31,A31,2006-07-11,263967.7513
32,A32,2005-08-12,411427.2117
33,A33,2004-09-13,331595.3006
34,A34,2005-11-20,90559.83177
35,A35,2006-11-21,16122.00472
36,A36,2005-11-22,340590.8568
37,A37,2004-11-23,96556.24986
38,A38,2005-05-24,347182.069
39,A39,2005-05-25,163175.3584
40,A40,2005-05-26,72623.86055
41,A41,2005-05-27,277409.5985
42,A42,2005-05-28,98456.53392
43,A43,2005-05-29,146564.7645
44,A44,2005-05-30,288996.3484
45,A45,2005-05-31,293688.2408
46,A46,2005-06-01,301199.2729
47,A47,2005-06-02,377938.4845
48,A48,2005-06-03,228150.4312
49,A49,2005-07-03,339510.7508
50,A50,2005-08-03,201700.3621
51,A51,2005-09-03,102976.5967
52,A52,2005-10-03,181406.0056
53,A53,2005-11-03,476902.8656
54,A54,2005-12-03,125570.2469
55,A55,2006-01-03,54746.56515
56,A56,2006-02-03,347726.4508
57,A57,2006-03-03,312146.4745
58,A58,2006-04-03,341489.2942
59,A59,2006-05-03,9698.817214
60,A60,2006-06-03,312845.1078
61,A61,2006-07-03,110103.6656
62,A60,2006-08-03,396683.9016
63,A61,2006-09-03,98417.29465
64,A62,2006-10-03,368109.7797
65,A63,2006-11-03,23396.05326
66,A64,2006-12-03,355797.5885
67,A65,2004-01-12,204573.1451
68,A66,2004-01-03,464913.3229
69,A67,2004-01-15,37163.67026
70,A68,2004-01-25,328774.0094
71,A69,2005-01-17,377100.9947
72,A70,2005-02-23,450773.3339
73,A71,2005-02-01,74698.56515
74,A72,2004-02-05,14701.06795
75,A73,2005-02-28,263964.0196
76,A74,2005-02-16,465913.8103
77,A75,2005-02-23,373215.9394
78,A76,2005-02-03,443981.92
79,A77,2006-02-04,246889.8841
80,A78,2006-03-25,117170.0003
81,A79,2006-03-31,497836.7173
82,A80,2006-03-23,444153.0417
83,A81,2006-03-24,339353.4482
84,A82,2006-03-25,443599.6726
85,A83,2006-03-26,342049.6309
86,A84,2006-03-27,484932.0674
87,A85,2006-03-28,413987.8916
88,A86,2006-03-29,340688.4688
89,A87,2006-03-30,4530.088583
90,A88,2006-03-31,212433.985
91,A89,2006-04-01,17082.89397
92,A90,2006-04-02,17066.08123
93,A91,2006-04-03,380555.1244
94,A92,2006-04-04,416945.6249
95,A93,2004-01-12,74576.49058
96,A94,2004-01-03,136101.6297
97,A95,2004-01-15,75109.49223
98,A96,2004-01-25,110139.0141
99,A97,2004-01-12,174606.3923
100,A98,2004-01-03,97802.599
101,A99,2004-01-15,358589.9243
102,A100,2004-01-25,151141.3919
103,A1,2004-01-12,390074.79
104,A2,2004-01-03,370300.174
105,A3,2004-01-15,44049.58031
106,A4,2004-01-25,107590.8079
107,A5,2004-01-12,411933.7099
108,A6,2004-01-03,497144.9776
109,A7,2004-01-15,398909.853
110,A8,2004-01-12,339052.5258
111,A9,2004-01-03,179154.5766
112,A10,2004-01-15,442636.509
113,A11,2004-01-25,383289.074
114,A12,2005-01-17,29185.27369
115,A13,2005-02-23,248366.5858
116,A14,2005-02-01,261483.7499
117,A1,2004-02-05,191180.0116
118,A2,2005-02-28,236379.3687
119,A3,2005-02-16,9703.658754
120,A4,2005-02-23,342562.7198
121,A5,2005-02-03,472368.7952
122,A6,2006-02-04,346935.1713
123,A7,2006-03-25,85760.17752
124,A8,2006-03-31,307768.2659
125,A9,2006-03-23,411958.0696
126,A10,2004-03-19,266929.3785
127,A11,2006-03-05,1129.543601
128,A12,2005-04-04,328164.5473
129,A13,2006-04-30,395044.2926
130,A14,2004-04-25,13833.10797
131,A1,2006-04-19,201381.0109
132,A2,2004-04-06,465023.051
133,A3,2005-04-27,206197.1055
134,A4,2004-05-05,232258.5822
135,A5,2006-05-06,169470.2565
136,A6,2005-05-07,456269.8066
137,A7,2006-05-08,301369.6373
138,A8,2005-05-09,304499.0369
139,A9,2006-05-10,146457.9902
140,A10,2006-07-11,427415.0847
141,A11,2005-08-12,127001.6059
142,A12,2004-09-13,258170.492
143,A13,2005-11-20,175025.8408
144,A14,2006-11-21,361238.1513
145,A1,2005-11-22,278486.4156
146,A2,2004-11-23,102881.2319
147,A3,2005-05-24,195372.0609
148,A4,2005-05-25,24359.25193
149,A5,2004-05-05,437597.2752
150,A6,2006-05-06,324653.763
151,A7,2005-05-07,146635.2891
152,A8,2006-05-08,80652.48295
153,A9,2005-05-09,261194.8427
154,A10,2006-05-10,298502.7829
155,A11,2006-07-11,54897.90719
156,A12,2005-08-12,378564.0271
157,A13,2004-09-13,421263.9159
158,A14,2005-11-20,442218.8046
159,A1,2006-11-21,17931.39929
160,A2,2005-11-22,489679.3665
161,A3,2004-11-23,67503.62106
162,A4,2005-05-24,82410.78292
163,A5,2005-05-25,86059.5716
164,A6,2005-05-26,477556.701
165,A7,2005-05-27,493282.7686
166,A8,2005-05-28,203737.9197
167,A9,2005-05-29,363644.3497
168,A10,2005-05-30,231924.7984
169,A11,2005-05-31,320686.8953
170,A12,2005-06-01,447792.8225
171,A13,2005-06-02,220353.0373
172,A14,2005-06-03,76801.18338
173,A1,2005-07-03,300581.7031
174,A2,2005-08-03,323308.5406
175,A3,2005-09-03,283969.0626
176,A4,2005-10-03,397034.5913
177,A5,2005-11-03,258609.6801
178,A6,2005-12-03,484897.0578
179,A7,2006-01-03,454917.0147
180,A8,2006-02-03,148411.558
181,A9,2006-03-03,264430.1705
182,A10,2006-04-03,384460.1856
183,A11,2006-05-03,398856.0186
184,A12,2006-06-03,451548.9004
185,A13,2006-07-03,187077.4687
186,A14,2006-08-03,19420.39708
187,A1,2006-09-03,108320.1205
188,A2,2006-10-03,414752.806
189,A3,2006-11-03,329095.5579
190,A4,2006-12-03,196563.7558
191,A5,2004-01-12,429161.1622
192,A6,2004-01-03,50982.88414
193,A7,2004-01-15,485964.9328
194,A8,2004-01-25,138661.8988
195,A9,2005-01-17,401535.7749
196,A10,2005-02-23,425012.1538
197,A11,2005-02-01,369978.4207
198,A12,2004-02-05,243130.4002
199,A13,2005-02-28,388606.3947
200,A14,2005-02-16,195535.4172
201,A1,2005-02-23,315077.2866
202,A2,2005-02-03,183548.1716
203,A3,2006-02-04,114248.4719
204,A4,2006-03-25,181662.2953
205,A5,2006-03-31,365007.5043
206,A6,2006-03-23,389251.1002
207,A7,2006-03-24,56727.66849
208,A8,2006-03-25,152582.8651
209,A9,2006-03-26,216841.8
210,A10,2006-03-27,19498.61864
211,A11,2006-03-28,159560.6689
212,A12,2006-03-29,303711.7998
213,A13,2006-03-30,187543.3153
214,A14,2006-03-31,42748.46172
215,A1,2006-04-01,169892.2635
216,A2,2006-04-02,346376.7399
217,A3,2006-04-03,315238.8082
218,A4,2006-04-04,493715.4111
219,A5,2004-01-12,266735.7612
220,A6,2004-01-03,410440.713
221,A7,2004-01-15,202182.8869
222,A8,2004-01-25,138857.4494
223,A9,2004-01-12,20774.61519
224,A10,2004-01-03,416029.3183
225,A11,2004-01-15,382565.2306
226,A12,2004-01-25,35524.69619
227,A13,2004-01-12,57824.03329
228,A14,2004-01-03,211417.2266
229,A1,2004-01-15,76599.65988
230,A2,2004-01-25,293779.1934
231,A3,2004-01-12,90671.32561
232,A4,2004-01-03,142340.7592
233,A5,2004-01-15,265219.6793
234,A6,2004-01-12,161197.5496
235,A7,2004-01-03,394259.489
236,A8,2004-01-15,231804.525
237,A9,2004-01-25,267273.4761
238,A10,2005-01-17,446068.3285
239,A11,2005-02-23,269376.8098
240,A12,2005-02-01,450018.5096
241,A13,2004-02-05,132568.387
242,A14,2005-02-28,427175.2794
243,A1,2005-02-16,246061.1203
244,A2,2005-02-23,427223.5231
245,A3,2005-02-03,398994.8448
246,A4,2006-02-04,306925.5307
247,A5,2006-03-25,211171.1028
248,A6,2006-03-31,123887.1924
249,A7,2006-03-23,5506.960772
250,A8,2004-03-19,153081.1889
251,A9,2006-03-05,380665.3372
252,A10,2005-04-04,279491.6147
253,A11,2006-04-30,258507.9555
254,A12,2004-04-25,397648.5597
255,A13,2006-04-19,301820.7513
256,A14,2004-04-06,103535.1465
257,A5,2005-04-27,378853.7344
258,A6,2004-05-05,140288.4188
259,A7,2006-05-06,376502.408
260,A8,2005-05-07,451103.4513
261,A9,2006-05-08,23702.75108
262,A10,2005-05-09,437786.6819
263,A11,2006-05-10,25990.37627
264,A12,2006-07-11,191782.8092
265,A13,2005-08-12,451930.4517
266,A14,2004-05-05,345625.0486
267,A15,2006-05-06,133920.3345
268,A16,2005-05-07,17679.13143
269,A17,2006-05-08,156265.2689
270,A18,2005-05-09,415057.5009
271,A19,2006-05-10,128725.8164
272,A20,2006-07-11,163510.7467
273,A21,2005-08-12,97593.8721
274,A22,2004-09-13,372525.526
275,A5,2005-11-20,270974.1472
276,A6,2006-11-21,447803.6972
277,A7,2005-11-22,41172.91345
278,A8,2004-11-23,138918.6036
279,A9,2005-05-24,49627.85441
280,A10,2005-05-25,225984.6944
281,A11,2005-05-26,353747.5782
282,A12,2005-05-27,402381.8272
283,A13,2005-05-28,426100.8463
284,A14,2005-05-29,321027.9595
285,A15,2005-05-30,177717.22
286,A16,2005-05-31,119941.0849
287,A17,2005-06-01,311958.1051
288,A18,2005-06-02,205230.8757
289,A19,2005-06-03,106706.0105
290,A20,2005-07-03,3430.065043
291,A21,2005-08-03,292793.6912
292,A22,2005-09-03,161525.2289
293,A5,2005-10-03,278963.6413
294,A6,2005-11-03,18319.88657
295,A7,2005-12-03,171181.7515
296,A8,2006-01-03,318311.3794
297,A9,2006-02-03,478684.1983
298,A10,2006-03-03,106458.1004
299,A11,2006-04-03,413031.3591
300,A12,2006-05-03,78278.1211
301,A13,2006-06-03,301881.8381
302,A14,2006-07-03,110088.1903
303,A15,2006-08-03,399543.7589
304,A16,2006-09-03,270022.6551
305,A17,2006-10-03,316781.3784
306,A18,2006-11-03,448065.36
307,A19,2006-12-03,283448.7169
308,A20,2004-01-12,323847.326
309,A21,2004-01-03,68929.58609
310,A22,2004-01-15,488713.1158
311,A5,2004-01-25,291289.8562
312,A6,2005-01-17,387305.9873
313,A7,2005-02-23,351308.8202
314,A8,2005-02-01,481609.5135
315,A9,2004-02-05,384894.321
316,A10,2005-02-28,77711.34393
317,A11,2005-02-16,222984.14
318,A12,2005-02-23,127221.2777
319,A13,2005-02-03,363666.4165
320,A14,2006-02-04,291397.6069
321,A15,2006-03-25,362261.231
322,A16,2006-03-31,103566.5802
323,A17,2006-03-23,254878.2593
324,A18,2006-03-24,482946.6849
325,A19,2006-03-25,140223.8967
326,A20,2006-03-26,379612.4799
327,A21,2006-03-27,247506.4972
328,A22,2006-03-28,369684.3086
329,A5,2006-03-29,394072.467
330,A6,2006-03-30,14250.6252
331,A7,2006-03-31,8041.731599
332,A8,2006-04-01,126099.4172
333,A9,2006-04-02,250393.185
334,A10,2006-04-03,45651.90134
335,A11,2006-04-04,463465.9617
336,A12,2004-01-12,21587.96999
337,A13,2004-01-03,231354.4244
338,A14,2004-01-15,95782.30897
339,A15,2004-01-25,458809.0968
340,A16,2004-01-12,145837.3777
341,A17,2004-01-03,230963.9106
342,A18,2004-01-15,494635.7135
343,A19,2004-01-25,305448.6728
344,A20,2004-01-12,143408.7137
345,A21,2004-01-03,49018.03048
346,A22,2004-01-15,46395.0592
347,A5,2004-01-25,137698.5435
348,A6,2004-01-12,212280.3086
349,A7,2004-01-03,165274.434
350,A8,2004-01-15,458870.8641
351,A9,2004-01-12,334885.3886
352,A10,2004-01-03,291331.2563
353,A11,2004-01-15,286532.0135
354,A12,2004-01-25,58345.11697
355,A13,2005-01-17,192122.8619
356,A14,2005-02-23,379742.1112
357,A15,2005-02-01,222574.5624
358,A16,2004-02-05,31407.93517
359,A17,2005-02-28,204543.4184
360,A18,2005-02-16,397999.6561
361,A19,2005-02-23,232774.6384
362,A20,2005-02-03,156044.6807
363,A21,2006-02-04,168872.7752
364,A22,2006-03-25,56836.58373
365,A12,2006-03-31,104026.9382
366,A13,2006-03-23,432182.9224
367,A14,2004-03-19,309081.9588
368,A15,2006-03-05,252226.7187
369,A16,2005-04-04,381663.8194
370,A17,2006-04-30,22353.12423
371,A18,2004-04-25,397962.7389
372,A19,2006-04-19,238146.3861
373,A20,2004-04-06,290279.5607
374,A21,2005-04-27,149638.5888
375,A22,2004-05-05,400619.7206
376,A23,2006-05-06,485455.1795
377,A24,2005-05-07,16904.36249
378,A25,2006-05-08,21809.17434
379,A26,2005-05-09,468185.8928
380,A27,2006-05-10,86546.29591
381,A28,2006-07-11,289563.2109
382,A29,2005-08-12,453843.064
383,A30,2004-05-05,177962.4137
384,A12,2006-05-06,340346.3911
385,A13,2005-05-07,412542.6659
386,A14,2006-05-08,446465.9184
387,A15,2005-05-09,14229.49133
388,A16,2006-05-10,180308.7577
389,A17,2006-07-11,466381.3788
390,A18,2005-08-12,158055.1495
391,A19,2004-09-13,360514.8184
392,A20,2005-11-20,329070.394
393,A21,2006-11-21,406325.922
394,A22,2005-11-22,68275.79908
395,A23,2004-11-23,460739.9855
396,A24,2005-05-24,42529.53074
397,A25,2005-05-25,280894.3862
398,A26,2005-05-26,412279.9222
399,A27,2005-05-27,398282.1299
400,A28,2005-05-28,387321.869
401,A29,2005-05-29,114007.3556
402,A30,2005-05-30,260717.8603
403,A12,2005-05-31,339566.0674
404,A13,2005-06-01,77384.6154
405,A14,2005-06-02,139576.0898
406,A15,2005-06-03,53685.19977
407,A16,2005-07-03,146332.284
408,A17,2005-08-03,67893.58209
409,A18,2005-09-03,462327.9428
410,A19,2005-10-03,488863.0336
411,A20,2005-11-03,458334.5624
412,A21,2005-12-03,36303.80396
413,A22,2006-01-03,295479.4038
414,A23,2006-02-03,39837.28308
415,A24,2006-03-03,91097.92723
416,A25,2006-04-03,116525.8851
417,A26,2006-05-03,143362.0871
418,A27,2006-06-03,109197.0652
419,A28,2006-07-03,299567.7646
420,A29,2006-08-03,276439.1647
421,A30,2006-09-03,232136.1903
422,A12,2006-10-03,439421.5657
423,A13,2006-11-03,262888.6634
424,A14,2006-12-03,218088.9683
425,A15,2004-01-12,279811.2289
426,A16,2004-01-03,54435.20507
427,A17,2004-01-15,40977.88389
428,A18,2004-01-25,213694.3049
429,A19,2005-01-17,395204.1973
430,A20,2005-02-23,194329.5076
431,A21,2005-02-01,12891.71129
432,A22,2004-02-05,2338.639655
433,A23,2005-02-28,346993.634
434,A24,2005-02-16,106098.7763
435,A25,2005-02-23,3440.493709
436,A26,2005-02-03,498972.675
437,A27,2006-02-04,378264.8781
438,A28,2006-03-25,67334.58687
439,A29,2006-03-31,494204.2799
440,A30,2006-03-23,164286.5509
441,A12,2006-03-24,245438.5949
442,A13,2006-03-25,255812.1666
443,A14,2006-03-26,471053.0405
444,A15,2006-03-27,17056.26413
445,A16,2006-03-28,415556.0487
446,A17,2006-03-29,323934.4872
447,A18,2006-03-30,109900.9723
448,A19,2006-03-31,411692.7784
449,A20,2006-04-01,150343.2846
450,A21,2006-04-02,21952.08445
451,A22,2006-04-03,403271.7648
452,A23,2006-04-04,168520.1159
453,A24,2004-01-12,96191.96878
454,A25,2004-01-03,352476.2674
455,A26,2004-01-15,170815.8326
456,A27,2004-01-25,190770.3502
457,A28,2004-01-12,54502.27228
458,A29,2004-01-03,100528.174
459,A30,2004-01-15,56968.18022
460,A12,2004-01-25,214084.1545
461,A13,2004-01-12,7057.205698
462,A14,2004-01-03,352072.9864
463,A15,2004-01-15,134419.3166
464,A16,2004-01-25,224910.702
465,A17,2004-01-12,400391.7792
466,A18,2004-01-03,438001.8665
467,A19,2004-01-15,400779.3341
468,A20,2004-01-12,16439.65719
469,A21,2004-01-03,277454.1974
470,A22,2004-01-15,25950.89113
471,A23,2004-01-25,58334.83774
472,A24,2005-01-17,119424.8017
473,A25,2005-02-23,412293.0398
474,A26,2005-02-01,70005.50653
475,A27,2004-02-05,341428.7783
476,A28,2005-02-28,486378.351
477,A29,2005-02-16,437451.9968
478,A30,2005-02-23,295979.8759
479,A12,2005-02-03,76174.2757
480,A13,2006-02-04,260731.1255
481,A14,2006-03-25,2957.833163
482,A15,2006-03-31,468191.7196
483,A16,2006-03-23,482716.5259
484,A17,2004-03-19,174913.1427
485,A18,2006-03-05,395099.5652
486,A19,2005-04-04,359325.9235
487,A20,2006-04-30,247158.7359
488,A21,2004-04-25,212290.201
489,A22,2006-04-19,359058.2532
490,A23,2004-04-06,173813.3902
491,A24,2005-04-27,270104.9788
492,A25,2004-05-05,295730.6062
493,A26,2006-05-06,256021.2546
494,A27,2005-05-07,315096.8362
495,A28,2006-05-08,200905.0916
496,A29,2005-05-09,58512.78987
497,A30,2006-05-10,158716.8907
498,A12,2006-07-11,173965.2097
499,A13,2005-08-12,484705.6609
500,A14,2004-05-05,369769.9453
501,A15,2006-05-06,66867.25001
502,A16,2005-05-07,322403.4228
503,A17,2006-05-08,358159.3287
504,A18,2005-05-09,223988.3565
505,A19,2006-05-10,376960.33
506,A20,2006-07-11,311456.5319
507,A21,2005-08-12,229244.4964
508,A22,2004-09-13,413847.0813
509,A23,2005-11-20,17068.69587
510,A24,2006-11-21,293906.3903
511,A25,2005-11-22,75660.67975
512,A26,2004-11-23,496338.3096
513,A27,2005-05-24,452918.1647
514,A28,2005-05-25,268133.9787
515,A29,2005-05-26,360183.4653
516,A30,2005-05-27,203286.0833
517,A12,2005-05-28,460337.8439
518,A13,2005-05-29,66308.94909
519,A14,2005-05-30,24642.56734
520,A15,2005-05-31,141898.1096
521,A16,2005-06-01,131664.5406
522,A17,2005-06-02,191097.3824
523,A18,2005-06-03,114021.2221
524,A19,2005-07-03,272845.8357
525,A20,2005-08-03,185852.9124
526,A21,2005-09-03,440036.4925
527,A22,2005-10-03,252242.8929
528,A23,2005-11-03,340076.4762
529,A24,2005-12-03,234532.7557
530,A25,2006-01-03,48211.68046
531,A26,2006-02-03,257878.78
532,A27,2006-03-03,420366.6108
533,A28,2006-04-03,312467.1666
534,A29,2006-05-03,441603.1271
535,A30,2006-06-03,12699.23748
536,A12,2006-07-03,228940.6639
537,A13,2006-08-03,43761.91754
538,A14,2006-09-03,350316.5069
539,A15,2006-10-03,283991.3127
540,A16,2006-11-03,421366.139
541,A17,2006-12-03,19422.00956
542,A18,2004-01-12,421511.7514
543,A19,2004-01-03,492482.8468
544,A20,2004-01-15,441299.7564
545,A21,2004-01-25,145898.2478
546,A22,2005-01-17,491841.3568
547,A23,2005-02-23,60577.15044
548,A24,2005-02-01,97314.99174
549,A25,2004-02-05,180779.6801
550,A26,2005-02-28,34061.8853
551,A27,2005-02-16,263808.9049
552,A28,2005-02-23,190729.3246
553,A29,2005-02-03,315602.3804
554,A30,2006-02-04,44479.17876
555,A12,2006-03-25,301847.9393
556,A13,2006-03-31,413997.6529
557,A14,2006-03-23,26487.89214
558,A15,2006-03-24,343507.3042
559,A16,2006-03-25,382691.7294
560,A17,2006-03-26,136604.3102
561,A18,2006-03-27,259080.1442
562,A19,2006-03-28,90958.6475
563,A20,2006-03-29,192389.9915
564,A21,2006-03-30,18320.32133
565,A22,2006-03-31,127219.3895
566,A23,2006-04-01,95313.23076
567,A24,2006-04-02,421003.1137
568,A25,2006-04-03,167334.4455
569,A26,2006-04-04,136830.5376
570,A27,2004-01-12,416770.1512
571,A28,2004-01-03,229024.433
572,A29,2004-01-15,306223.4144
573,A30,2004-01-25,55063.33369
574,A12,2004-01-12,39116.70727
575,A13,2004-01-03,113094.1442
576,A14,2004-01-15,225565.8325
577,A15,2004-01-25,148800.0674
578,A16,2004-01-12,404368.6272
579,A17,2004-01-03,252148.5205
580,A18,2004-01-15,192755.9944
581,A19,2004-01-25,82373.3821
582,A20,2004-01-12,496732.7302
583,A21,2004-01-03,336766.0056
584,A22,2004-01-15,147929.0028
585,A23,2004-01-12,108678.6206
586,A24,2004-01-03,363083.8288
587,A25,2004-01-15,103984.6311
588,A26,2004-01-25,75088.21066
589,A27,2005-01-17,416983.846
590,A28,2005-02-23,143793.4601
591,A29,2005-02-01,202117.4381
592,A30,2004-02-05,463060.7497
593,A12,2005-02-28,178774.0971
594,A13,2005-02-16,300264.2491
595,A14,2005-02-23,47607.2617
596,A15,2005-02-03,97470.57109
597,A16,2006-02-04,269809.6028
598,A17,2006-03-25,103171.0079
599,A18,2006-03-31,42564.26472
600,A19,2006-03-23,444641.2183
601,A20,2004-03-19,489900.5599
602,A21,2006-03-05,37839.41541
603,A22,2005-04-04,203496.4245
604,A23,2006-04-30,465142.1555
605,A24,2004-04-25,265058.6049
606,A25,2006-04-19,293205.5349
607,A26,2004-04-06,102965.7932
608,A27,2005-04-27,301213.6882
609,A28,2004-05-05,420081.3744
610,A29,2006-05-06,102327.1528
611,A30,2005-05-07,486647.4066
612,A21,2006-05-08,218656.8555
613,A22,2005-05-09,458680.5443
614,A23,2006-05-10,99437.17088
615,A24,2006-07-11,296181.255
616,A25,2005-08-12,107234.0347
617,A26,2004-05-05,194116.7358
618,A27,2006-05-06,119163.1391
619,A28,2005-05-07,14404.87649
620,A29,2006-05-08,482334.5381
621,A30,2005-05-09,177051.5783
622,A31,2006-05-10,341964.1426
623,A32,2006-07-11,136536.293
624,A33,2005-08-12,6654.641858
625,A34,2004-09-13,357130.9634
626,A35,2005-11-20,416010.0802
627,A36,2006-11-21,256688.8598
628,A37,2005-11-22,191622.6055
629,A38,2004-11-23,291568.186
630,A39,2005-05-24,168089.4823
631,A40,2005-05-25,347225.3834
632,A41,2005-05-26,203322.9689
633,A42,2005-05-27,264212.2115
634,A43,2005-05-28,117273.9728
635,A44,2005-05-29,295282.9275
636,A45,2005-05-30,202212.1714
637,A46,2005-05-31,436762.6313
638,A47,2005-06-01,85964.35721
639,A48,2005-06-02,338554.4633
640,A49,2005-06-03,229856.1016
641,A21,2005-07-03,174090.3581
642,A22,2005-08-03,358473.2399
643,A23,2005-09-03,51006.3058
644,A24,2005-10-03,336080.995
645,A25,2005-11-03,119408.9733
646,A26,2005-12-03,198693.4745
647,A27,2006-01-03,20731.15581
648,A28,2006-02-03,438099.2398
649,A29,2006-03-03,151006.8437
650,A30,2006-04-03,38187.8946
651,A31,2006-05-03,330261.1279
652,A32,2006-06-03,44010.12878
653,A33,2006-07-03,233334.274
654,A34,2006-08-03,207601.6948
655,A35,2006-09-03,109240.1661
656,A36,2006-10-03,48299.85954
657,A37,2006-11-03,234371.7605
658,A38,2006-12-03,201224.4172
659,A39,2004-01-12,494071.3418
660,A40,2004-01-03,131254.2876
661,A41,2004-01-15,472627.7349
662,A42,2004-01-25,63045.48669
663,A43,2005-01-17,351363.2313
664,A44,2005-02-23,8310.317425
665,A45,2005-02-01,417549.4394
666,A46,2004-02-05,84589.82966
667,A47,2005-02-28,415037.4879
668,A48,2005-02-16,457454.8468
669,A49,2005-02-23,13154.72596
670,A21,2005-02-03,193926.7682
671,A22,2006-02-04,370297.0177
672,A23,2006-03-25,420420.3482
673,A24,2006-03-31,167007.2806
674,A25,2006-03-23,380603.3896
675,A26,2006-03-24,481341.8138
676,A27,2006-03-25,281849.0267
677,A28,2006-03-26,484113.7871
678,A29,2006-03-27,295703.2447
679,A30,2006-03-28,266613.7398
680,A31,2006-03-29,490779.9815
681,A32,2006-03-30,300214.6369
682,A33,2006-03-31,404004.0571
683,A34,2006-04-01,159405.7084
684,A35,2006-04-02,215864.2819
685,A36,2006-04-03,364333.3924
686,A37,2006-04-04,190188.6511
687,A38,2004-01-12,267532.1908
688,A39,2004-01-03,116707.9114
689,A40,2004-01-15,416440.5081
690,A41,2004-01-25,339737.7632
691,A42,2004-01-12,179150.9222
692,A43,2004-01-03,156552.4444
693,A44,2004-01-15,160201.0822
694,A45,2004-01-25,57760.97822
695,A46,2004-01-12,128618.4899
696,A47,2004-01-03,31913.63821
697,A48,2004-01-15,381091.8725
698,A49,2004-01-25,150225.8657
699,A21,2004-01-12,455028.8866
700,A22,2004-01-03,422716.9302
701,A23,2004-01-15,238864.4347
702,A24,2004-01-12,401137.8172
703,A25,2004-01-03,228053.752
704,A26,2004-01-15,405900.5453
705,A27,2004-01-25,54855.52419
706,A28,2005-01-17,260066.6128
707,A29,2005-02-23,334841.2172
708,A30,2005-02-01,391397.7399
709,A31,2004-02-05,124198.3186
710,A32,2005-02-28,344517.9413
711,A33,2005-02-16,152675.5566
712,A34,2005-02-23,8875.927071
713,A35,2005-02-03,40880.66533
714,A36,2006-02-04,171472.4029
715,A37,2006-03-25,499344.9402
716,A38,2006-03-31,17415.70533
717,A39,2006-03-23,84237.17368
718,A40,2004-03-19,449060.9196
719,A41,2006-03-05,263495.0903
720,A42,2005-04-04,252036.6014
721,A43,2006-04-30,98224.22269
722,A44,2004-04-25,66678.64786
723,A45,2006-04-19,496519.6605
724,A46,2004-04-06,479354.8132
725,A47,2005-04-27,221609.7611
726,A48,2004-05-05,159747.7618
727,A49,2006-05-06,423933.6213
728,A21,2005-05-07,252487.8478
729,A22,2006-05-08,497163.5294
730,A23,2005-05-09,149710.7119
731,A24,2006-05-10,378500.6954
732,A25,2006-07-11,97198.6064
733,A26,2005-08-12,107207.2796
734,A27,2004-05-05,78726.42872
735,A28,2006-05-06,231553.1011
736,A29,2005-05-07,225241.1879
737,A30,2006-05-08,462302.9786
738,A31,2005-05-09,32331.10406
739,A32,2006-05-10,181465.0136
740,A33,2006-07-11,431736.4286
741,A34,2005-08-12,38898.96589
742,A35,2004-09-13,341349.5448
743,A36,2005-11-20,374940.4152
744,A37,2006-11-21,439443.1955
745,A38,2005-11-22,291899.6606
746,A39,2004-11-23,227648.5498
747,A40,2005-05-24,46010.31189
748,A41,2005-05-25,218450.9685
749,A42,2005-05-26,235161.2252
750,A43,2005-05-27,299022.7251
751,A44,2005-05-28,424716.6232
752,A45,2005-05-29,96137.16758
753,A46,2005-05-30,107831.524
754,A47,2005-05-31,419779.7189
755,A48,2005-06-01,470948.2741
756,A49,2005-06-02,392247.6378
757,A21,2005-06-03,486610.1564
758,A22,2005-07-03,326352.3457
759,A23,2005-08-03,141627.2701
760,A24,2005-09-03,91333.61444
761,A25,2005-10-03,79598.85386
762,A26,2005-11-03,230338.0579
763,A27,2005-12-03,95633.06543
764,A28,2006-01-03,320582.1802
765,A29,2006-02-03,368324.2714
766,A30,2006-03-03,491672.7771
767,A31,2006-04-03,224749.1203
768,A32,2006-05-03,332128.3956
769,A33,2006-06-03,61663.30847
770,A34,2006-07-03,412975.5268
771,A35,2006-08-03,38422.88688
772,A36,2006-09-03,370227.3735
773,A37,2006-10-03,261453.5994
774,A38,2006-11-03,133395.4076
775,A39,2006-12-03,136117.1011
776,A40,2004-01-12,93199.56857
777,A41,2004-01-03,427394.437
778,A42,2004-01-15,193358.6817
779,A43,2004-01-25,404037.2377
780,A44,2005-01-17,389199.0461
781,A45,2005-02-23,457683.6026
782,A46,2005-02-01,447790.8764
783,A47,2004-02-05,79890.74039
784,A48,2005-02-28,85383.94017
785,A49,2005-02-16,302288.142
786,A21,2005-02-23,384602.058
787,A22,2005-02-03,466747.7382
788,A23,2006-02-04,88559.14692
789,A24,2006-03-25,19670.80492
790,A25,2006-03-31,412885.5246
791,A26,2006-03-23,407922.1684
792,A27,2006-03-24,440311.0868
793,A28,2006-03-25,392687.17
794,A29,2006-03-26,188041.5635
795,A30,2006-03-27,212196.5211
796,A31,2006-03-28,303562.6115
797,A32,2006-03-29,21181.09842
798,A33,2006-03-30,388441.9078
799,A34,2006-03-31,17308.3232
800,A35,2006-04-01,465920.0544
801,A36,2006-04-02,227890.1564
802,A37,2006-04-03,90265.6045
803,A38,2006-04-04,285013.3855
804,A39,2004-01-12,350733.7455
805,A40,2004-01-03,406899.6265
806,A41,2004-01-15,363212.2772
807,A42,2004-01-25,172758.8407
808,A43,2004-01-12,463183.3303
809,A44,2004-01-03,142562.1089
810,A45,2004-01-15,57789.33173
811,A46,2004-01-25,415971.4131
812,A47,2004-01-12,199147.2225
813,A48,2004-01-03,295238.0121
814,A49,2004-01-15,477431.6913
815,A21,2004-01-25,5831.580843
816,A22,2004-01-12,306358.6698
817,A23,2004-01-03,126415.1528
818,A24,2004-01-15,355564.944
819,A25,2004-01-12,181576.4974
820,A26,2004-01-03,292867.8308
821,A27,2004-01-15,490914.1497
822,A28,2004-01-25,59994.37835
823,A29,2005-01-17,418608.365
824,A30,2005-02-23,493430.2573
825,A31,2005-02-01,10239.54332
826,A32,2004-02-05,463114.5575
827,A33,2005-02-28,475280.972
828,A34,2005-02-16,353883.8154
829,A35,2005-02-23,460680.556
830,A36,2005-02-03,108422.8005
831,A37,2006-02-04,239005.4595
832,A38,2006-03-25,248684.9793
833,A39,2006-03-31,308195.7644
834,A40,2006-03-23,337823.7153
835,A41,2004-03-19,465141.0571
836,A42,2006-03-05,215361.3008
837,A43,2005-04-04,438606.9309
838,A44,2006-04-30,426587.8867
839,A45,2004-04-25,101835.4621
840,A46,2006-04-19,418880.8946
841,A47,2004-04-06,164009.6128
842,A48,2005-04-27,370687.5488
843,A49,2004-05-05,61077.47491
844,A21,2006-05-06,254396.6304
845,A22,2005-05-07,287072.1894
846,A23,2006-05-08,284087.6765
847,A24,2005-05-09,102219.7972
848,A25,2006-05-10,10440.87378
849,A26,2006-07-11,210609.3735
850,A27,2005-08-12,467152.7723
851,A28,2004-05-05,19689.02485
852,A29,2006-05-06,397962.9189
853,A30,2005-05-07,193299.1371
854,A31,2006-05-08,312593.3758
855,A32,2005-05-09,195384.6094
856,A33,2006-05-10,439496.0763
857,A34,2006-07-11,326378.1044
858,A35,2005-08-12,458103.8211
859,A36,2004-09-13,256934.9537
860,A37,2005-11-20,415835.5442
861,A38,2006-11-21,327834.4544
862,A39,2005-11-22,136498.5229
863,A40,2004-11-23,8332.265099
864,A41,2005-05-24,84179.86113
865,A42,2005-05-25,174805.2307
866,A43,2005-05-26,329913.6551
867,A44,2005-05-27,191027.7242
868,A45,2005-05-28,438013.0183
869,A46,2005-05-29,216548.1205
870,A47,2005-05-30,322633.9499
871,A48,2005-05-31,345003.0236
872,A49,2005-06-01,482088.1281
873,A21,2005-06-02,238257.5571
874,A22,2005-06-03,166362.0389
875,A23,2005-07-03,203389.9564
876,A24,2005-08-03,395880.7228
877,A25,2005-09-03,90216.00479
878,A26,2005-10-03,120080.7861
879,A27,2005-11-03,430278.5413
880,A28,2005-12-03,323231.1232
881,A29,2006-01-03,80511.20318
882,A30,2006-02-03,243401.1931
883,A31,2006-03-03,392464.8422
884,A32,2006-04-03,119988.5715
885,A33,2006-05-03,342786.7518
886,A34,2006-06-03,158316.3394
887,A35,2006-07-03,457997.8381
888,A36,2006-08-03,40843.84799
889,A37,2006-09-03,112081.1649
890,A38,2006-10-03,86343.42225
891,A39,2006-11-03,358871.1794
892,A40,2006-12-03,349713.071
893,A41,2004-01-12,149790.899
894,A42,2004-01-03,204382.6804
895,A43,2004-01-15,117624.866
896,A44,2004-01-25,66425.34552
897,A45,2005-01-17,228547.7813
898,A46,2005-02-23,46468.72103
899,A47,2005-02-01,422013.6248
900,A48,2004-02-05,294439.8826
901,A49,2005-02-28,71022.86305
902,A21,2005-02-16,15588.77701
903,A22,2005-02-23,402990.6183
904,A23,2005-02-03,29887.56921
905,A24,2006-02-04,404104.0204
906,A25,2006-03-25,399392.312
907,A26,2006-03-31,111176.727
908,A27,2006-03-23,194559.9664
909,A28,2006-03-24,384651.5188
910,A29,2006-03-25,315093.7647
911,A30,2006-03-26,138555.2529
912,A31,2006-03-27,55215.45323
913,A32,2006-03-28,301861.3712
914,A33,2006-03-29,328257.9604
915,A34,2006-03-30,56654.19626
916,A35,2006-03-31,471746.7373
917,A36,2006-04-01,267733.7872
918,A37,2006-04-02,302098.1696
919,A38,2006-04-03,468720.5411
920,A39,2006-04-04,299067.4279
921,A40,2004-01-12,134485.6322
922,A41,2004-01-03,296358.2057
923,A42,2004-01-15,161906.6174
924,A43,2004-01-25,338658.7321
925,A44,2004-01-12,103151.2086
926,A45,2004-01-03,179756.3906
927,A46,2004-01-15,277429.1712
928,A47,2004-01-25,222105.341
929,A48,2004-01-12,296934.6406
930,A49,2004-01-03,121356.8902
931,A21,2004-01-15,53734.22774
932,A22,2004-01-25,483934.1788
933,A23,2004-01-12,404934.2648
934,A24,2004-01-03,6377.562566
935,A25,2004-01-15,424545.9322
936,A26,2004-01-12,367548.556
937,A27,2004-01-03,317763.1217
938,A28,2004-01-15,139021.3212
939,A29,2004-01-25,21159.40304
940,A30,2005-01-17,342555.3163
941,A31,2005-02-23,321515.9211
942,A32,2005-02-01,14146.73275
943,A33,2004-02-05,382097.5135
944,A34,2005-02-28,194770.5071
945,A35,2005-02-16,228480.6997
946,A36,2005-02-23,24102.32269
947,A37,2005-02-03,423625.1363
948,A38,2006-02-04,279274.0038
949,A39,2006-03-25,282014.8967
950,A40,2006-03-31,465872.2532
951,A41,2006-03-23,39701.74914
952,A42,2004-03-19,196318.1752
953,A43,2006-03-05,101746.7214
954,A44,2005-04-04,89550.73894
955,A45,2006-04-30,418891.8619
956,A46,2004-04-25,454279.169
957,A47,2006-04-19,465503.8218
958,A48,2004-04-06,75789.96394
959,A49,2005-04-27,435564.8219
960,A21,2004-05-05,212026.7648
961,A22,2006-05-06,128466.255
962,A23,2005-05-07,136938.7835
963,A24,2006-05-08,25094.18413
964,A25,2005-05-09,161906.3717
965,A26,2006-05-10,3144.482614
966,A27,2006-07-11,450349.6643
967,A28,2005-08-12,95563.99718
968,A29,2004-05-05,74815.82799
969,A30,2006-05-06,7299.878589
970,A31,2005-05-07,178430.6125
971,A32,2006-05-08,443322.454
972,A33,2005-05-09,155589.981
973,A34,2006-05-10,308010.8141
974,A35,2006-07-11,412538.057
975,A36,2005-08-12,313948.4029
976,A37,2004-09-13,416225.4704
977,A38,2005-11-20,357702.3757
978,A39,2006-11-21,384311.4153
979,A40,2005-11-22,481736.7893
980,A41,2004-11-23,39726.44468
981,A42,2005-05-24,218088.3092
982,A43,2005-05-25,309647.5151
983,A44,2005-05-26,300323.5723
984,A45,2005-05-27,228549.29
985,A46,2005-05-28,158685.7979
986,A47,2005-05-29,345801.8365
987,A48,2005-05-30,406645.9772
988,A49,2005-05-31,277304.0576
989,A36,2005-06-01,290204.9833
990,A37,2005-06-02,375407.2419
991,A38,2005-06-03,203197.0076
992,A39,2005-07-03,333629.5134
993,A40,2005-08-03,162088.6423
994,A41,2005-09-03,430357.1846
995,A42,2005-10-03,143127.4309
996,A43,2005-11-03,358721.0106
997,A44,2005-12-03,476157.3524
998,A45,2006-01-03,223942.6593
999,A46,2006-02-03,100631.7116
1000,A47,2006-03-03,105314.8923
1001,A48,2006-04-03,16066.5055
1002,A49,2006-05-03,322330.2089
1003,A50,2006-06-03,352473.7582
1004,A51,2006-07-03,27884.0809
1005,A52,2006-08-03,238407.2342
1006,A53,2006-09-03,398869.2125
1007,A54,2006-10-03,142954.167
1008,A55,2006-11-03,99262.43264
1009,A56,2006-12-03,443880.4493
1010,A57,2004-01-12,419293.6459
1011,A58,2004-01-03,362467.2098
1012,A59,2004-01-15,487209.2133
1013,A60,2004-01-25,149751.1809
1014,A61,2005-01-17,336470.5698
1015,A60,2005-02-23,426870.691
1016,A61,2005-02-01,319525.476
1017,A62,2004-02-05,128710.3436
1018,A36,2005-02-28,106495.2412
1019,A37,2005-02-16,431645.3381
1020,A38,2005-02-23,155832.2344
1021,A39,2005-02-03,166897.8714
1022,A40,2006-02-04,324868.239
1023,A41,2006-03-25,103506.8089
1024,A42,2006-03-31,260025.2911
1025,A43,2006-03-23,39962.53725
1026,A44,2006-03-24,433223.5915
1027,A45,2006-03-25,408920.873
1028,A46,2006-03-26,389163.8763
1029,A47,2006-03-27,170581.8125
1030,A48,2006-03-28,161683.6567
1031,A49,2006-03-29,430471.991
1032,A50,2006-03-30,194691.7759
1033,A51,2006-03-31,3811.767838
1034,A52,2006-04-01,370123.6927
1035,A53,2006-04-02,366043.9846
1036,A54,2006-04-03,83599.32815
1037,A55,2006-04-04,327138.4015
1038,A56,2004-01-12,129018.4005
1039,A57,2004-01-03,473547.1176
1040,A58,2004-01-15,59838.29008
1041,A59,2004-01-25,195844.5849
1042,A60,2004-01-12,296377.1028
1043,A61,2004-01-03,267753.1541
1044,A60,2004-01-15,423465.1437
1045,A61,2004-01-25,50704.1824
1046,A62,2004-01-12,270745.081
1047,A36,2004-01-03,17794.19765
1048,A37,2004-01-15,99462.97318
1049,A38,2004-01-25,36864.2117
1050,A39,2004-01-12,160617.3919
1051,A40,2004-01-03,325446.0661
1052,A41,2004-01-15,472718.0252
1053,A42,2004-01-12,291093.2562
1054,A43,2004-01-03,327758.867
1055,A44,2004-01-15,442509.1101
1056,A45,2004-01-25,271127.4387
1057,A46,2005-01-17,386136.8606
1058,A47,2005-02-23,468482.5386
1059,A48,2005-02-01,118807.3426
1060,A49,2004-02-05,360129.986
1061,A50,2005-02-28,284984.0521
1062,A51,2005-02-16,439914.1271
1063,A52,2005-02-23,13412.81183
1064,A53,2005-02-03,234067.7522
1065,A54,2006-02-04,323101.2671
1066,A55,2006-03-25,285539.0528
1067,A56,2006-03-31,457523.3886
1068,A57,2006-03-23,366406.9043
1069,A58,2004-03-19,304693.8455
1070,A59,2006-03-05,180556.0735
1071,A60,2005-04-04,6227.291834
1072,A61,2006-04-30,7568.560403
1073,A60,2004-04-25,161685.024
1074,A61,2006-04-19,294622.8244
1075,A62,2004-04-06,197588.9839
1076,A36,2005-04-27,246803.6204
1077,A37,2004-05-05,247533.4847
1078,A38,2006-05-06,420208.3655
1079,A39,2005-05-07,258819.7288
1080,A40,2006-05-08,428659.2673
1081,A41,2005-05-09,292126.4651
1082,A42,2006-05-10,12995.29699
1083,A43,2006-07-11,170642.324
1084,A44,2005-08-12,292050.8168
1085,A45,2004-05-05,483513.9223
1086,A46,2006-05-06,111163.3762
1087,A47,2005-05-07,108172.722
1088,A48,2006-05-08,208086.6948
1089,A49,2005-05-09,429354.6295
1090,A50,2006-05-10,172176.8825
1091,A51,2006-07-11,32382.18141
1092,A52,2005-08-12,289487.4504
1093,A53,2004-09-13,414898.0884
1094,A54,2005-11-20,197851.3624
1095,A55,2006-11-21,1128.94959
1096,A56,2005-11-22,315751.0349
1097,A57,2004-11-23,51232.58888
1098,A58,2005-05-24,277718.5731
1099,A59,2005-05-25,12002.04906
1100,A60,2005-05-26,345410.49
1101,A61,2005-05-27,321035.9749
1102,A60,2005-05-28,27415.26107
1103,A61,2005-05-29,139037.7825
1104,A62,2005-05-30,227217.9183
1105,A36,2005-05-31,122960.5455
1106,A37,2005-06-01,384928.0719
1107,A38,2005-06-02,284917.5849
1108,A39,2005-06-03,331467.3528
1109,A40,2005-07-03,304270.4418
1110,A41,2005-08-03,190057.8354
1111,A42,2005-09-03,298821.0175
1112,A43,2005-10-03,326908.2193
1113,A44,2005-11-03,57724.77013
1114,A45,2005-12-03,260353.7119
1115,A46,2006-01-03,319323.3139
1116,A47,2006-02-03,356148.8272
1117,A48,2006-03-03,90319.39603
1118,A49,2006-04-03,340318.0696
1119,A50,2006-05-03,210221.9767
1120,A51,2006-06-03,131169.91
1121,A52,2006-07-03,224665.5484
1122,A53,2006-08-03,30235.73143
1123,A54,2006-09-03,245305.4518
1124,A55,2006-10-03,151774.7006
1125,A56,2006-11-03,70304.57243
1126,A57,2006-12-03,282263.057
1127,A58,2004-01-12,377727.9633
1128,A59,2004-01-03,409174.6858
1129,A60,2004-01-15,462176.1361
1130,A61,2004-01-25,383315.1166
1131,A60,2005-01-17,165421.9255
1132,A61,2005-02-23,466394.6695
1133,A62,2005-02-01,496662.7675
1134,A36,2004-02-05,81492.57262
1135,A37,2005-02-28,25114.2878
1136,A38,2005-02-16,60363.29242
1137,A39,2005-02-23,415094.0573
1138,A40,2005-02-03,79113.52697
1139,A41,2006-02-04,426632.8059
1140,A42,2006-03-25,26942.17212
1141,A43,2006-03-31,349145.193
1142,A44,2006-03-23,132092.0894
1143,A45,2006-03-24,104592.751
1144,A46,2006-03-25,253398.0929
1145,A47,2006-03-26,492785.6734
1146,A48,2006-03-27,164153.2018
1147,A49,2006-03-28,226780.4232
1148,A50,2006-03-29,39376.39919
1149,A51,2006-03-30,238903.9743
1150,A52,2006-03-31,260260.3348
1151,A53,2006-04-01,149485.2241
1152,A54,2006-04-02,322715.7669
1153,A55,2006-04-03,429089.3372
1154,A56,2006-04-04,366344.1967
1155,A57,2004-01-12,331551.0248
1156,A58,2004-01-03,176385.3686
1157,A59,2004-01-15,349259.2093
1158,A60,2004-01-25,182293.2137
1159,A61,2004-01-12,301807.5427
1160,A60,2004-01-03,160288.8212
1161,A61,2004-01-15,303692.5662
1162,A62,2004-01-25,317899.8503
1163,A36,2004-01-12,494638.448
1164,A37,2004-01-03,107253.777
1165,A38,2004-01-15,312309.5659
1166,A39,2004-01-25,292273.8796
1167,A40,2004-01-12,350966.4573
1168,A41,2004-01-03,376903.7445
1169,A42,2004-01-15,347805.9788
1170,A43,2004-01-12,217450.8555
1171,A44,2004-01-03,224646.6685
1172,A45,2004-01-15,401728.9234
1173,A46,2004-01-25,229289.2562
1174,A47,2005-01-17,450851.9574
1175,A48,2005-02-23,231176.5777
1176,A49,2005-02-01,153704.906
1177,A50,2004-02-05,28338.13533
1178,A51,2005-02-28,106383.6664
1179,A52,2005-02-16,109274.0677
1180,A53,2005-02-23,40156.10407
1181,A54,2005-02-03,29027.37901
1182,A55,2006-02-04,241514.4742
1183,A56,2006-03-25,363672.6749
1184,A57,2006-03-31,354957.6598
1185,A58,2006-03-23,226462.4913
1186,A59,2004-03-19,222355.3626
1187,A60,2006-03-05,108206.2556
1188,A61,2005-04-04,1609.898995
1189,A60,2006-04-30,430812.9517
1190,A61,2004-04-25,353682.9598
1191,A62,2006-04-19,358989.6362
1192,A36,2004-04-06,33219.17251
1193,A37,2005-04-27,71602.69865
1194,A38,2004-05-05,98551.40461
1195,A39,2006-05-06,289826.9876
1196,A40,2005-05-07,219167.5834
1197,A41,2006-05-08,494209.23
1198,A42,2005-05-09,229297.9011
1199,A43,2006-05-10,368717.1824
1200,A44,2006-07-11,361375.7841
1201,A45,2005-08-12,262754.5511
1202,A46,2005-01-17,7356.64312
1203,A47,2005-02-23,184357.0774
1204,A48,2005-02-01,154746.6213
1205,A49,2004-02-05,278446.0861
1206,A50,2005-02-28,69518.94945
1207,A51,2005-02-16,299918.1494
1208,A52,2005-02-23,243407.3531
1209,A53,2005-02-03,264068.2905
1210,A54,2006-02-04,373264.9081
1211,A55,2006-03-25,469265.9621
1212,A56,2006-03-31,232229.7985
1213,A57,2006-03-23,47097.90452
1214,A58,2004-03-19,218305.461
1215,A59,2006-03-05,218720.8264
1216,A60,2005-04-04,195590.0924
1217,A61,2006-04-30,177525.3444
1218,A60,2004-04-25,331218.6845
1219,A61,2006-04-19,102733.9118
1220,A62,2004-04-06,488506.3178
1221,A36,2005-04-27,169299.1726
1222,A37,2004-05-05,150921.8941
1223,A38,2006-05-06,331885.7403
1224,A39,2005-05-07,248595.1294
1225,A40,2006-05-08,495987.0982
1226,A41,2005-05-09,196302.2691
1227,A42,2006-05-10,285432.7897
1228,A43,2006-07-11,127468.2011
1229,A44,2005-08-12,281157.5376
1230,A45,2004-09-13,116770.113
1231,A46,2005-11-20,129690.8661
1232,A47,2006-11-21,209539.8157
1233,A48,2005-11-22,445928.6987
1234,A49,2004-11-23,160964.1495
1235,A50,2005-05-24,276972.0534
1236,A51,2005-05-25,479889.2775
1237,A52,2005-05-26,408874.7156
1238,A53,2005-05-27,140801.1995
1239,A54,2005-05-28,221351.8419
1240,A55,2005-05-29,77368.99404
1241,A56,2005-05-30,284477.8516
1242,A57,2005-05-31,330030.9122
1243,A58,2005-06-01,370792.3052
1244,A59,2005-06-02,1545.26795
1245,A60,2005-06-03,51389.44598
1246,A61,2005-07-03,230477.2611
1247,A60,2005-08-03,316451.486
1248,A61,2005-09-03,365001.9471
1249,A62,2005-10-03,326229.4265
1250,A36,2005-11-03,458347.2709
1251,A37,2005-12-03,444562.797
1252,A38,2006-01-03,62466.39992
1253,A39,2006-02-03,81087.01452
1254,A40,2006-03-03,445597.4176
1255,A41,2006-04-03,441063.7148
1256,A42,2006-05-03,347370.8025
1257,A43,2006-06-03,420480.5063
1258,A44,2006-07-03,32855.50178
1259,A45,2006-08-03,192079.7921
1260,A46,2006-09-03,53219.25299
1261,A47,2006-10-03,218986.4824
1262,A48,2006-11-03,419416.6766
1263,A49,2006-12-03,154390.3689
1264,A50,2004-01-12,321916.5598
1265,A51,2004-01-03,69397.97169
1266,A52,2004-01-15,404922.8526
1267,A53,2004-01-25,81548.46671
1268,A54,2005-01-17,300908.5505
1269,A55,2005-02-23,387677.5779
1270,A56,2005-02-01,486354.9523
1271,A57,2004-02-05,94549.89619
1272,A58,2005-02-28,245106.9588
1273,A59,2005-02-16,470960.2844
1274,A60,2005-02-23,318539.587
1275,A61,2005-02-03,171999.8657
1276,A60,2006-02-04,406995.5842
1277,A61,2006-03-25,149290.5024
1278,A62,2006-03-31,234889.2447
1279,A36,2006-03-23,122252.6215
1280,A37,2006-03-24,146967.8438
1281,A38,2006-03-25,72349.37014
1282,A39,2006-03-26,364874.8528
1283,A40,2006-03-27,441003.4622
1284,A41,2006-03-28,212603.6048
1285,A42,2006-03-29,320594.3949
1286,A43,2006-03-30,372535.4947
1287,A44,2006-03-31,304870.2769
1288,A45,2006-04-01,160215.4357
1289,A46,2006-04-02,350864.1573
1290,A47,2006-04-03,99690.22865
1291,A48,2006-04-04,76770.95748
1292,A49,2004-01-12,299345.008
1293,A50,2004-01-03,23134.66212
1294,A51,2004-01-15,90563.31149
1295,A52,2004-01-25,182284.4373
1296,A53,2004-01-12,229833.0038
1297,A54,2004-01-03,206793.3088
1298,A55,2004-01-15,193766.7934
1299,A56,2004-01-25,225792.7608
1300,A57,2004-01-12,148440.2149
1301,A58,2004-01-03,224730.3188
1302,A59,2004-01-15,165158.3849
1303,A60,2004-01-25,213278.3576
1304,A61,2004-01-12,32750.13388
1305,A60,2004-01-03,97849.09788
1306,A61,2004-01-15,224523.4821
1307,A62,2004-01-12,266240.1808
1308,A36,2004-01-03,246358.8702
1309,A37,2004-01-15,259997.079
1310,A38,2004-01-25,77961.42215
1311,A39,2005-01-17,365171.9479
1312,A40,2005-02-23,268825.8944
1313,A41,2005-02-01,334706.1245
1314,A42,2004-02-05,48727.26107
1315,A43,2005-02-28,84496.23381
1316,A44,2005-02-16,433690.5126
1317,A45,2005-02-23,185340.434
1318,A46,2005-02-03,165401.6761
1319,A47,2006-02-04,454932.9761
1320,A48,2006-03-25,474001.4308
1321,A49,2006-03-31,294519.3013
1322,A50,2006-03-23,416056.5281
1323,A51,2004-03-19,302975.5031
1324,A52,2006-03-05,323338.8657
1325,A53,2005-04-04,144251.7227
1326,A54,2006-04-30,407409.8812
1327,A55,2004-04-25,611.0436282
1328,A56,2006-04-19,493029.5478
1329,A57,2004-04-06,163775.4752
1330,A58,2005-04-27,49579.25031
1331,A59,2004-05-05,131796.7248
1332,A60,2006-05-06,128688.2012
1333,A61,2005-05-07,130548.1246
1334,A60,2006-05-08,139619.4725
1335,A61,2005-05-09,233684.546
1336,A62,2006-05-10,125255.492
1337,A36,2006-07-11,188320.607
1338,A37,2005-08-12,330665.4129
1339,A38,2004-09-13,423788.0206
1340,A39,2005-11-20,440151.0182
1341,A40,2006-11-21,108020.4101
1342,A41,2005-11-22,57821.17605
1343,A42,2004-11-23,211810.2509
1344,A43,2005-05-24,322598.7814
1345,A44,2005-05-25,285341.1887
1346,A45,2004-05-05,291580.1844
1347,A46,2006-05-06,425560.0537
1348,A47,2005-05-07,292864.9458
1349,A48,2006-05-08,441733.897
1350,A49,2005-05-09,65584.82912
1351,A50,2006-05-10,261700.6155
1352,A51,2006-07-11,183209.7231
1353,A52,2005-08-12,207385.3533
1354,A53,2004-09-13,368833.2115
1355,A54,2005-11-20,120536.9011
1356,A55,2006-11-21,98069.00332
1357,A56,2005-11-22,237208.5447
1358,A57,2004-11-23,361150.9666
1359,A58,2005-05-24,45930.30564
1360,A59,2005-05-25,87222.80627
1361,A60,2005-05-26,399677.8353
1362,A61,2005-05-27,348215.867
1363,A60,2005-01-17,108818.2934
1364,A61,2005-02-23,160673.5924
1365,A62,2005-02-01,115153.8223
1366,A36,2004-02-05,172322.4468
1367,A37,2005-02-28,251063.2819
1368,A38,2005-02-16,225089.0117
1369,A39,2005-02-23,79006.47925
1370,A40,2005-02-03,471500.5704
1371,A41,2006-02-04,117008.1942
1372,A42,2006-03-25,179811.5903
1373,A43,2006-03-31,259738.04
1374,A44,2006-03-23,15502.89867
1375,A45,2004-03-19,206685.8951
1376,A46,2006-03-05,373961.4565
1377,A47,2005-04-04,95348.35089
1378,A48,2006-04-30,285875.1349
1379,A49,2004-04-25,273633.0482
1380,A50,2006-04-19,372585.3088
1381,A51,2004-04-06,192085.7556
1382,A52,2005-04-27,236643.9192
1383,A53,2004-05-05,94186.52342
1384,A54,2006-05-06,77238.68888
1385,A55,2005-05-07,110268.0229
1386,A56,2006-05-08,238669.5872
1387,A57,2005-05-09,15627.71647
1388,A58,2006-05-10,235785.0901
1389,A59,2006-07-11,139114.2757
1390,A60,2005-08-12,200510.0397
1391,A61,2004-09-13,463968.8516
1392,A60,2005-11-20,109911.5659
1393,A61,2006-11-21,59218.12004
1394,A62,2005-11-22,462980.7015
1395,A36,2004-11-23,294181.4
1396,A37,2005-05-24,123280.9587
1397,A38,2005-05-25,169243.4983
1398,A39,2005-05-26,83875.62295
1399,A40,2005-05-27,1284.649513
1400,A41,2005-05-28,61463.96929
1401,A42,2005-05-29,55872.30584
1402,A43,2005-05-30,366202.0976
1403,A44,2005-05-31,81604.78648
1404,A45,2005-06-01,375091.4632
1405,A46,2005-06-02,802.2866563
1406,A47,2005-06-03,492921.555
1407,A48,2005-07-03,442356.1908
1408,A49,2005-08-03,247.0985854
1409,A50,2005-09-03,367193.8036
1410,A51,2005-10-03,109211.9988
1411,A52,2005-11-03,485447.9602
1412,A53,2005-12-03,458488.3896
1413,A54,2006-01-03,26300.27308
1414,A55,2006-02-03,32006.33407
1415,A56,2006-03-03,156684.787
1416,A57,2006-04-03,160781.6827
1417,A58,2006-05-03,368674.4074
1418,A59,2006-06-03,374430.9985
1419,A60,2006-07-03,301638.8896
1420,A61,2006-08-03,439891.0026
1421,A60,2006-09-03,326409.8032
1422,A61,2006-10-03,142271.8409
1423,A62,2006-11-03,328067.1008
1424,A36,2006-12-03,311014.851
1425,A37,2004-01-12,162229.3815
1426,A38,2004-01-03,175729.0332
1427,A39,2004-01-15,389068.3116
1428,A40,2004-01-25,460540.4939
1429,A41,2005-01-17,397982.8001
1430,A42,2005-02-23,281906.3527
1431,A43,2005-02-01,335876.2971
1432,A44,2004-02-05,329739.1897
1433,A45,2005-02-28,165474.8952
1434,A46,2005-02-16,28699.6239
1435,A47,2005-02-23,292406.181
1436,A48,2005-02-03,224201.4425
1437,A49,2006-02-04,369559.8583
1438,A50,2006-03-25,487274.6591
1439,A51,2006-03-31,56050.95332
1440,A52,2006-03-23,268702.6803
1441,A53,2006-03-24,352693.4644
1442,A54,2006-03-25,44073.59232
1443,A55,2006-03-26,241371.6663
1444,A56,2006-03-27,456291.7488
1445,A57,2006-03-28,79654.42874
1446,A58,2006-03-29,272190.2189
1447,A59,2006-03-30,178713.4804
1448,A60,2006-03-31,362498.5965
1449,A61,2006-04-01,499136.772
1450,A60,2006-04-02,172131.0718
1451,A61,2006-04-03,354490.8137
1452,A62,2006-04-04,277662.3671
1453,A63,2004-01-12,141361.8572
1454,A36,2004-01-03,119769.4576
1455,A37,2004-01-15,205771.0507
1456,A38,2004-01-25,339102.2416
1457,A39,2004-01-12,217380.2371
1458,A40,2004-01-03,177066.4851
1459,A41,2004-01-15,128032.7503
1460,A42,2004-01-25,334230.4966
1461,A43,2004-01-12,337499.1421
1462,A44,2004-01-03,416843.1903
1463,A45,2004-01-15,330102.435
1464,A46,2004-01-25,395197.1999
1465,A47,2004-01-12,263090.2308
1466,A48,2004-01-03,271408.5925
1467,A49,2004-01-15,322997.8133
1468,A50,2004-01-12,452548.3928
1469,A51,2004-01-03,265086.3089
1470,A52,2004-01-15,61370.01407
1471,A53,2004-01-25,494327.8181
1472,A54,2005-01-17,363912.4705
1473,A55,2005-02-23,14499.49429
1474,A56,2005-02-01,438997.059
1475,A57,2004-02-05,418331.5578
1476,A58,2005-02-28,471988.8857
1477,A59,2005-02-16,350609.3424
1478,A60,2005-02-23,117176.1654
1479,A61,2005-02-03,483835.0032
1480,A60,2006-02-04,315397.8424
1481,A61,2006-03-25,183.2182032
1482,A62,2006-03-31,61482.06997
1483,A56,2006-03-23,239945.3623
1484,A57,2004-03-19,491491.1122
1485,A58,2006-03-05,255751.7203
1486,A59,2005-04-04,294069.3835
1487,A60,2006-04-30,99971.50151
1488,A61,2004-04-25,233737.663
1489,A60,2006-04-19,492340.2623
1490,A61,2004-04-06,47988.23672
1491,A62,2005-04-27,227455.9138
1492,A63,2004-05-05,308213.7675
1493,A64,2006-05-06,333503.3592
1494,A65,2005-05-07,236963.95
1495,A66,2006-05-08,419497.9423
1496,A67,2005-05-09,200288.8741
1497,A68,2006-05-10,231194.7023
1498,A69,2006-07-11,391195.6158
1499,A70,2005-08-12,357629.6182
1500,A71,2004-09-13,179771.7452
